date,code,usdprice
#date,#meta+code,#value+usd
2015-01-15,Yobe-Damaturu-Damaturu-Groundnuts (shelled)-100 KG-Wholesale-NGN,87.93
2015-02-15,Yobe-Damaturu-Damaturu-Groundnuts (shelled)-100 KG-Wholesale-NGN,81.13
2015-03-15,Yobe-Damaturu-Damaturu-Groundnuts (shelled)-100 KG-Wholesale-NGN,82.01
2015-04-15,Yobe-Damaturu-Damaturu-Groundnuts (shelled)-100 KG-Wholesale-NGN,82.03
2015-08-15,Yobe-Damaturu-Damaturu-Groundnuts (shelled)-100 KG-Wholesale-NGN,82.05
2015-08-15,Yobe-Damaturu-Damaturu-Groundnuts (shelled)-100 KG-Wholesale-NGN,82.05
2015-09-15,Yobe-Damaturu-Damaturu-Groundnuts (shelled)-100 KG-Wholesale-NGN,80.72
2015-09-15,Yobe-Damaturu-Damaturu-Groundnuts (shelled)-100 KG-Wholesale-NGN,80.72
2015-10-15,Yobe-Damaturu-Damaturu-Groundnuts (shelled)-100 KG-Wholesale-NGN,75.41
2015-10-15,Yobe-Damaturu-Damaturu-Groundnuts (shelled)-100 KG-Wholesale-NGN,75.41
2015-11-15,Yobe-Damaturu-Damaturu-Groundnuts (shelled)-100 KG-Wholesale-NGN,75.4
2015-11-15,Yobe-Damaturu-Damaturu-Groundnuts (shelled)-100 KG-Wholesale-NGN,75.4
2015-12-15,Yobe-Damaturu-Damaturu-Groundnuts (shelled)-100 KG-Wholesale-NGN,75.45
2016-01-15,Yobe-Damaturu-Damaturu-Groundnuts (shelled)-100 KG-Wholesale-NGN,75.53
2016-01-15,Yobe-Damaturu-Damaturu-Groundnuts (shelled)-100 KG-Wholesale-NGN,75.53
2016-02-15,Yobe-Damaturu-Damaturu-Groundnuts (shelled)-100 KG-Wholesale-NGN,75.53
2016-02-15,Yobe-Damaturu-Damaturu-Groundnuts (shelled)-100 KG-Wholesale-NGN,75.53
2016-03-15,Yobe-Damaturu-Damaturu-Groundnuts (shelled)-100 KG-Wholesale-NGN,75.38
2016-04-15,Yobe-Damaturu-Damaturu-Groundnuts (shelled)-100 KG-Wholesale-NGN,77.44
2016-05-15,Yobe-Damaturu-Damaturu-Groundnuts (shelled)-100 KG-Wholesale-NGN,79.25
2016-05-15,Yobe-Damaturu-Damaturu-Groundnuts (shelled)-100 KG-Wholesale-NGN,79.25
2016-06-15,Yobe-Damaturu-Damaturu-Groundnuts (shelled)-100 KG-Wholesale-NGN,88.47
2016-06-15,Yobe-Damaturu-Damaturu-Groundnuts (shelled)-100 KG-Wholesale-NGN,88.47
2016-07-15,Yobe-Damaturu-Damaturu-Groundnuts (shelled)-100 KG-Wholesale-NGN,67.61
2016-10-15,Yobe-Damaturu-Damaturu-Groundnuts (shelled)-100 KG-Wholesale-NGN,65.54
2016-11-15,Yobe-Damaturu-Damaturu-Groundnuts (shelled)-100 KG-Wholesale-NGN,62.13
2016-12-15,Yobe-Damaturu-Damaturu-Groundnuts (shelled)-100 KG-Wholesale-NGN,62.82
2017-01-15,Yobe-Damaturu-Damaturu-Groundnuts (shelled)-100 KG-Wholesale-NGN,65.46
2017-01-15,Yobe-Damaturu-Damaturu-Groundnuts (shelled)-100 KG-Wholesale-NGN,65.46
2017-02-15,Yobe-Damaturu-Damaturu-Groundnuts (shelled)-100 KG-Wholesale-NGN,66.35
2017-03-15,Yobe-Damaturu-Damaturu-Groundnuts (shelled)-100 KG-Wholesale-NGN,66.2
2017-03-15,Yobe-Damaturu-Damaturu-Groundnuts (shelled)-100 KG-Wholesale-NGN,66.2
2017-07-15,Yobe-Damaturu-Damaturu-Groundnuts (shelled)-100 KG-Wholesale-NGN,83.95
2017-07-15,Yobe-Damaturu-Damaturu-Groundnuts (shelled)-100 KG-Wholesale-NGN,83.95
2017-07-15,Yobe-Damaturu-Damaturu-Groundnuts (shelled)-100 KG-Wholesale-NGN,83.95
2017-07-15,Yobe-Damaturu-Damaturu-Groundnuts (shelled)-100 KG-Wholesale-NGN,83.95
2017-08-15,Yobe-Damaturu-Damaturu-Groundnuts (shelled)-100 KG-Wholesale-NGN,77.31
2017-09-15,Yobe-Damaturu-Damaturu-Groundnuts (shelled)-100 KG-Wholesale-NGN,75.08
2017-09-15,Yobe-Damaturu-Damaturu-Groundnuts (shelled)-100 KG-Wholesale-NGN,75.08
2017-10-15,Yobe-Damaturu-Damaturu-Groundnuts (shelled)-100 KG-Wholesale-NGN,80.47
2017-10-15,Yobe-Damaturu-Damaturu-Groundnuts (shelled)-100 KG-Wholesale-NGN,80.47
2017-10-15,Yobe-Damaturu-Damaturu-Groundnuts (shelled)-100 KG-Wholesale-NGN,80.47
2017-11-15,Yobe-Damaturu-Damaturu-Groundnuts (shelled)-100 KG-Wholesale-NGN,79.87
2017-11-15,Yobe-Damaturu-Damaturu-Groundnuts (shelled)-100 KG-Wholesale-NGN,79.87
2017-12-15,Yobe-Damaturu-Damaturu-Groundnuts (shelled)-100 KG-Wholesale-NGN,77.58
2018-03-15,Yobe-Damaturu-Damaturu-Groundnuts (shelled)-100 KG-Wholesale-NGN,79.8
2018-03-15,Yobe-Damaturu-Damaturu-Groundnuts (shelled)-100 KG-Wholesale-NGN,79.8
2018-05-15,Yobe-Damaturu-Damaturu-Groundnuts (shelled)-100 KG-Wholesale-NGN,78.61
2018-05-15,Yobe-Damaturu-Damaturu-Groundnuts (shelled)-100 KG-Wholesale-NGN,78.61
2018-05-15,Yobe-Damaturu-Damaturu-Groundnuts (shelled)-100 KG-Wholesale-NGN,78.61
2018-07-15,Yobe-Damaturu-Damaturu-Groundnuts (shelled)-100 KG-Wholesale-NGN,84.98
2018-07-15,Yobe-Damaturu-Damaturu-Groundnuts (shelled)-100 KG-Wholesale-NGN,84.98
2018-08-15,Yobe-Damaturu-Damaturu-Groundnuts (shelled)-100 KG-Wholesale-NGN,84.66
2018-09-15,Yobe-Damaturu-Damaturu-Groundnuts (shelled)-100 KG-Wholesale-NGN,73.72
2018-10-15,Yobe-Damaturu-Damaturu-Groundnuts (shelled)-100 KG-Wholesale-NGN,79.5
2018-11-15,Yobe-Damaturu-Damaturu-Groundnuts (shelled)-100 KG-Wholesale-NGN,81.78
2018-11-15,Yobe-Damaturu-Damaturu-Groundnuts (shelled)-100 KG-Wholesale-NGN,81.78
2018-12-15,Yobe-Damaturu-Damaturu-Groundnuts (shelled)-100 KG-Wholesale-NGN,80.1
2018-12-15,Yobe-Damaturu-Damaturu-Groundnuts (shelled)-100 KG-Wholesale-NGN,80.1
2019-01-15,Yobe-Damaturu-Damaturu-Groundnuts (shelled)-100 KG-Wholesale-NGN,66.38
2019-02-15,Yobe-Damaturu-Damaturu-Groundnuts (shelled)-100 KG-Wholesale-NGN,74.41
2019-03-15,Yobe-Damaturu-Damaturu-Groundnuts (shelled)-100 KG-Wholesale-NGN,68.64
2019-03-15,Yobe-Damaturu-Damaturu-Groundnuts (shelled)-100 KG-Wholesale-NGN,68.64
2019-04-15,Yobe-Damaturu-Damaturu-Groundnuts (shelled)-100 KG-Wholesale-NGN,73.69
2019-04-15,Yobe-Damaturu-Damaturu-Groundnuts (shelled)-100 KG-Wholesale-NGN,73.69
2019-06-15,Yobe-Damaturu-Damaturu-Groundnuts (shelled)-100 KG-Wholesale-NGN,74.07
2019-07-15,Yobe-Damaturu-Damaturu-Groundnuts (shelled)-100 KG-Wholesale-NGN,77.12
2019-09-15,Yobe-Damaturu-Damaturu-Groundnuts (shelled)-100 KG-Wholesale-NGN,74.21
2019-09-15,Yobe-Damaturu-Damaturu-Groundnuts (shelled)-100 KG-Wholesale-NGN,74.21
2019-10-15,Yobe-Damaturu-Damaturu-Groundnuts (shelled)-100 KG-Wholesale-NGN,75.18
2019-11-15,Yobe-Damaturu-Damaturu-Groundnuts (shelled)-100 KG-Wholesale-NGN,76.23
2019-12-15,Yobe-Damaturu-Damaturu-Groundnuts (shelled)-100 KG-Wholesale-NGN,69.63
2020-02-15,Yobe-Damaturu-Damaturu-Groundnuts (shelled)-100 KG-Wholesale-NGN,61.94
2020-02-15,Yobe-Damaturu-Damaturu-Groundnuts (shelled)-100 KG-Wholesale-NGN,61.94
2020-02-15,Yobe-Damaturu-Damaturu-Groundnuts (shelled)-100 KG-Wholesale-NGN,61.94
2020-03-15,Yobe-Damaturu-Damaturu-Groundnuts (shelled)-100 KG-Wholesale-NGN,58.82
2020-05-15,Yobe-Damaturu-Damaturu-Groundnuts (shelled)-100 KG-Wholesale-NGN,54.03
2020-06-15,Yobe-Damaturu-Damaturu-Groundnuts (shelled)-100 KG-Wholesale-NGN,55.56
2020-06-15,Yobe-Damaturu-Damaturu-Groundnuts (shelled)-100 KG-Wholesale-NGN,55.56
2020-09-15,Yobe-Damaturu-Damaturu-Groundnuts (shelled)-100 KG-Wholesale-NGN,65.67
2020-09-15,Yobe-Damaturu-Damaturu-Groundnuts (shelled)-100 KG-Wholesale-NGN,65.67
2020-10-15,Yobe-Damaturu-Damaturu-Groundnuts (shelled)-100 KG-Wholesale-NGN,68.06
2020-10-15,Yobe-Damaturu-Damaturu-Groundnuts (shelled)-100 KG-Wholesale-NGN,68.06
2020-12-15,Yobe-Damaturu-Damaturu-Groundnuts (shelled)-100 KG-Wholesale-NGN,68.3
2021-01-15,Yobe-Damaturu-Damaturu-Groundnuts (shelled)-100 KG-Wholesale-NGN,71.85
2021-01-15,Yobe-Damaturu-Damaturu-Groundnuts (shelled)-100 KG-Wholesale-NGN,71.85
2021-04-15,Yobe-Damaturu-Damaturu-Groundnuts (shelled)-100 KG-Wholesale-NGN,83.13
2021-06-15,Yobe-Damaturu-Damaturu-Groundnuts (shelled)-100 KG-Wholesale-NGN,82.83
2021-07-15,Yobe-Damaturu-Damaturu-Groundnuts (shelled)-100 KG-Wholesale-NGN,84.29
2021-07-15,Yobe-Damaturu-Damaturu-Groundnuts (shelled)-100 KG-Wholesale-NGN,84.29
2021-08-15,Yobe-Damaturu-Damaturu-Groundnuts (shelled)-100 KG-Wholesale-NGN,85.86
2021-09-15,Yobe-Damaturu-Damaturu-Groundnuts (shelled)-100 KG-Wholesale-NGN,87.59
2021-10-15,Yobe-Damaturu-Damaturu-Groundnuts (shelled)-100 KG-Wholesale-NGN,87.82
2021-10-15,Yobe-Damaturu-Damaturu-Groundnuts (shelled)-100 KG-Wholesale-NGN,87.82
2022-01-15,Yobe-Damaturu-Damaturu-Groundnuts (shelled)-100 KG-Wholesale-NGN,89.42
2022-03-15,Yobe-Damaturu-Damaturu-Groundnuts (shelled)-100 KG-Wholesale-NGN,93.8
2022-03-15,Yobe-Damaturu-Damaturu-Groundnuts (shelled)-100 KG-Wholesale-NGN,93.8
2022-05-15,Yobe-Damaturu-Damaturu-Groundnuts (shelled)-100 KG-Wholesale-NGN,101.42
2022-05-15,Yobe-Damaturu-Damaturu-Groundnuts (shelled)-100 KG-Wholesale-NGN,101.42
2022-06-15,Yobe-Damaturu-Damaturu-Groundnuts (shelled)-100 KG-Wholesale-NGN,106.66
2022-06-15,Yobe-Damaturu-Damaturu-Groundnuts (shelled)-100 KG-Wholesale-NGN,106.66
2022-07-15,Yobe-Damaturu-Damaturu-Groundnuts (shelled)-100 KG-Wholesale-NGN,109.53
2022-08-15,Yobe-Damaturu-Damaturu-Groundnuts (shelled)-100 KG-Wholesale-NGN,103.95
2022-11-15,Yobe-Damaturu-Damaturu-Groundnuts (shelled)-100 KG-Wholesale-NGN,100.86
2022-11-15,Yobe-Damaturu-Damaturu-Groundnuts (shelled)-100 KG-Wholesale-NGN,100.86
2022-11-15,Yobe-Damaturu-Damaturu-Groundnuts (shelled)-100 KG-Wholesale-NGN,100.86
2022-11-15,Yobe-Damaturu-Damaturu-Groundnuts (shelled)-100 KG-Wholesale-NGN,100.86
2023-01-15,Yobe-Damaturu-Damaturu-Groundnuts (shelled)-100 KG-Wholesale-NGN,88.47
2023-01-15,Yobe-Damaturu-Damaturu-Groundnuts (shelled)-100 KG-Wholesale-NGN,88.47
2015-02-15,Yobe-Potiskum-Potiskum-Yam-2.5 KG-Retail-NGN,1
2015-02-15,Yobe-Potiskum-Potiskum-Yam-2.5 KG-Retail-NGN,1
2015-04-15,Yobe-Potiskum-Potiskum-Yam-2.5 KG-Retail-NGN,1.01
2015-09-15,Yobe-Potiskum-Potiskum-Yam-2.5 KG-Retail-NGN,1
2015-09-15,Yobe-Potiskum-Potiskum-Yam-2.5 KG-Retail-NGN,1
2015-10-15,Yobe-Potiskum-Potiskum-Yam-2.5 KG-Retail-NGN,1.25
2015-10-15,Yobe-Potiskum-Potiskum-Yam-2.5 KG-Retail-NGN,1.25
2015-11-15,Yobe-Potiskum-Potiskum-Yam-2.5 KG-Retail-NGN,1.32
2016-02-15,Yobe-Potiskum-Potiskum-Yam-2.5 KG-Retail-NGN,1.33
2016-02-15,Yobe-Potiskum-Potiskum-Yam-2.5 KG-Retail-NGN,1.33
2016-03-15,Yobe-Potiskum-Potiskum-Yam-2.5 KG-Retail-NGN,1.32
2016-12-15,Yobe-Potiskum-Potiskum-Yam-2.5 KG-Retail-NGN,1.06
2017-02-15,Yobe-Potiskum-Potiskum-Yam-2.5 KG-Retail-NGN,0.71
2017-03-15,Yobe-Potiskum-Potiskum-Yam-2.5 KG-Retail-NGN,1.06
2017-03-15,Yobe-Potiskum-Potiskum-Yam-2.5 KG-Retail-NGN,1.06
2017-04-15,Yobe-Potiskum-Potiskum-Yam-2.5 KG-Retail-NGN,1.59
2017-06-15,Yobe-Potiskum-Potiskum-Yam-2.5 KG-Retail-NGN,0.63
2017-07-15,Yobe-Potiskum-Potiskum-Yam-2.5 KG-Retail-NGN,1.59
2017-09-15,Yobe-Potiskum-Potiskum-Yam-2.5 KG-Retail-NGN,1.12
2017-09-15,Yobe-Potiskum-Potiskum-Yam-2.5 KG-Retail-NGN,1.12
2017-12-15,Yobe-Potiskum-Potiskum-Yam-2.5 KG-Retail-NGN,0.83
2018-01-15,Yobe-Potiskum-Potiskum-Yam-2.5 KG-Retail-NGN,1.06
2018-01-15,Yobe-Potiskum-Potiskum-Yam-2.5 KG-Retail-NGN,1.06
2018-02-15,Yobe-Potiskum-Potiskum-Yam-2.5 KG-Retail-NGN,1.19
2018-03-15,Yobe-Potiskum-Potiskum-Yam-2.5 KG-Retail-NGN,0.92
2018-05-15,Yobe-Potiskum-Potiskum-Yam-2.5 KG-Retail-NGN,0.66
2018-07-15,Yobe-Potiskum-Potiskum-Yam-2.5 KG-Retail-NGN,1.06
2018-09-15,Yobe-Potiskum-Potiskum-Yam-2.5 KG-Retail-NGN,0.79
2018-09-15,Yobe-Potiskum-Potiskum-Yam-2.5 KG-Retail-NGN,0.79
2018-10-15,Yobe-Potiskum-Potiskum-Yam-2.5 KG-Retail-NGN,0.8
2019-01-15,Yobe-Potiskum-Potiskum-Yam-2.5 KG-Retail-NGN,0.79
2019-01-15,Yobe-Potiskum-Potiskum-Yam-2.5 KG-Retail-NGN,0.79
2019-02-15,Yobe-Potiskum-Potiskum-Yam-2.5 KG-Retail-NGN,0.79
2019-02-15,Yobe-Potiskum-Potiskum-Yam-2.5 KG-Retail-NGN,0.79
2019-04-15,Yobe-Potiskum-Potiskum-Yam-2.5 KG-Retail-NGN,4.08
2019-04-15,Yobe-Potiskum-Potiskum-Yam-2.5 KG-Retail-NGN,4.08
2019-05-15,Yobe-Potiskum-Potiskum-Yam-2.5 KG-Retail-NGN,1.32
2019-06-15,Yobe-Potiskum-Potiskum-Yam-2.5 KG-Retail-NGN,1.32
2019-07-15,Yobe-Potiskum-Potiskum-Yam-2.5 KG-Retail-NGN,0.99
2019-09-15,Yobe-Potiskum-Potiskum-Yam-2.5 KG-Retail-NGN,0.73
2019-10-15,Yobe-Potiskum-Potiskum-Yam-2.5 KG-Retail-NGN,0.79
2019-11-15,Yobe-Potiskum-Potiskum-Yam-2.5 KG-Retail-NGN,0.92
2019-11-15,Yobe-Potiskum-Potiskum-Yam-2.5 KG-Retail-NGN,0.92
2019-12-15,Yobe-Potiskum-Potiskum-Yam-2.5 KG-Retail-NGN,0.79
2019-12-15,Yobe-Potiskum-Potiskum-Yam-2.5 KG-Retail-NGN,0.79
2020-01-15,Yobe-Potiskum-Potiskum-Yam-2.5 KG-Retail-NGN,0.79
2020-01-15,Yobe-Potiskum-Potiskum-Yam-2.5 KG-Retail-NGN,0.79
2020-02-15,Yobe-Potiskum-Potiskum-Yam-2.5 KG-Retail-NGN,0.79
2020-04-15,Yobe-Potiskum-Potiskum-Yam-2.5 KG-Retail-NGN,4.33
2020-04-15,Yobe-Potiskum-Potiskum-Yam-2.5 KG-Retail-NGN,4.33
2020-05-15,Yobe-Potiskum-Potiskum-Yam-2.5 KG-Retail-NGN,1.17
2020-05-15,Yobe-Potiskum-Potiskum-Yam-2.5 KG-Retail-NGN,1.17
2020-07-15,Yobe-Potiskum-Potiskum-Yam-2.5 KG-Retail-NGN,1.36
2020-08-15,Yobe-Potiskum-Potiskum-Yam-2.5 KG-Retail-NGN,1.41
2020-08-15,Yobe-Potiskum-Potiskum-Yam-2.5 KG-Retail-NGN,1.41
2020-09-15,Yobe-Potiskum-Potiskum-Yam-2.5 KG-Retail-NGN,1.29
2020-10-15,Yobe-Potiskum-Potiskum-Yam-2.5 KG-Retail-NGN,0.95
2020-11-15,Yobe-Potiskum-Potiskum-Yam-2.5 KG-Retail-NGN,1.04
2020-11-15,Yobe-Potiskum-Potiskum-Yam-2.5 KG-Retail-NGN,1.04
2020-12-15,Yobe-Potiskum-Potiskum-Yam-2.5 KG-Retail-NGN,1.28
2020-12-15,Yobe-Potiskum-Potiskum-Yam-2.5 KG-Retail-NGN,1.28
2021-02-15,Yobe-Potiskum-Potiskum-Yam-2.5 KG-Retail-NGN,1.54
2021-03-15,Yobe-Potiskum-Potiskum-Yam-2.5 KG-Retail-NGN,1.73
2021-04-15,Yobe-Potiskum-Potiskum-Yam-2.5 KG-Retail-NGN,2.6
2021-05-15,Yobe-Potiskum-Potiskum-Yam-2.5 KG-Retail-NGN,1.66
2021-05-15,Yobe-Potiskum-Potiskum-Yam-2.5 KG-Retail-NGN,1.66
2021-06-15,Yobe-Potiskum-Potiskum-Yam-2.5 KG-Retail-NGN,1.82
2021-06-15,Yobe-Potiskum-Potiskum-Yam-2.5 KG-Retail-NGN,1.82
2021-08-15,Yobe-Potiskum-Potiskum-Yam-2.5 KG-Retail-NGN,2.25
2021-12-15,Yobe-Potiskum-Potiskum-Yam-2.5 KG-Retail-NGN,1.38
2021-12-15,Yobe-Potiskum-Potiskum-Yam-2.5 KG-Retail-NGN,1.38
2022-02-15,Yobe-Potiskum-Potiskum-Yam-2.5 KG-Retail-NGN,1.2
2022-03-15,Yobe-Potiskum-Potiskum-Yam-2.5 KG-Retail-NGN,1.13
2022-04-15,Yobe-Potiskum-Potiskum-Yam-2.5 KG-Retail-NGN,1.3
2022-04-15,Yobe-Potiskum-Potiskum-Yam-2.5 KG-Retail-NGN,1.3
2022-07-15,Yobe-Potiskum-Potiskum-Yam-2.5 KG-Retail-NGN,1.3
2022-08-15,Yobe-Potiskum-Potiskum-Yam-2.5 KG-Retail-NGN,1.22
2022-09-15,Yobe-Potiskum-Potiskum-Yam-2.5 KG-Retail-NGN,1.11
2022-10-15,Yobe-Potiskum-Potiskum-Yam-2.5 KG-Retail-NGN,1.15
2022-10-15,Yobe-Potiskum-Potiskum-Yam-2.5 KG-Retail-NGN,1.15
2022-11-15,Yobe-Potiskum-Potiskum-Yam-2.5 KG-Retail-NGN,1.14
2023-01-15,Yobe-Potiskum-Potiskum-Yam-2.5 KG-Retail-NGN,1.11
2023-01-15,Yobe-Potiskum-Potiskum-Yam-2.5 KG-Retail-NGN,1.11
2023-01-15,Yobe-Potiskum-Potiskum-Yam-2.5 KG-Retail-NGN,1.11
2023-02-15,Yobe-Potiskum-Potiskum-Yam-2.5 KG-Retail-NGN,1.67
2023-03-15,Yobe-Potiskum-Potiskum-Yam-2.5 KG-Retail-NGN,1.75
2023-03-15,Yobe-Potiskum-Potiskum-Yam-2.5 KG-Retail-NGN,1.75
2023-04-15,Yobe-Potiskum-Potiskum-Yam-2.5 KG-Retail-NGN,1.58
2023-04-15,Yobe-Potiskum-Potiskum-Yam-2.5 KG-Retail-NGN,1.58
2023-04-15,Yobe-Potiskum-Potiskum-Yam-2.5 KG-Retail-NGN,1.58
2023-09-15,Yobe-Potiskum-Potiskum-Yam-2.5 KG-Retail-NGN,1.95
2023-09-15,Yobe-Potiskum-Potiskum-Yam-2.5 KG-Retail-NGN,1.95
2024-01-15,Yobe-Potiskum-Potiskum-Yam-2.5 KG-Retail-NGN,2.09
2024-03-15,Yobe-Potiskum-Potiskum-Yam-2.5 KG-Retail-NGN,0.93
2024-03-15,Yobe-Potiskum-Potiskum-Yam-2.5 KG-Retail-NGN,0.93
2024-04-15,Yobe-Potiskum-Potiskum-Yam-2.5 KG-Retail-NGN,1.3
2024-04-15,Yobe-Potiskum-Potiskum-Yam-2.5 KG-Retail-NGN,1.3
2024-07-15,Yobe-Potiskum-Potiskum-Yam-2.5 KG-Retail-NGN,1.59
2024-07-15,Yobe-Potiskum-Potiskum-Yam-2.5 KG-Retail-NGN,1.59
2024-08-15,Yobe-Potiskum-Potiskum-Yam-2.5 KG-Retail-NGN,1.88
2024-08-15,Yobe-Potiskum-Potiskum-Yam-2.5 KG-Retail-NGN,1.88
2024-10-15,Yobe-Potiskum-Potiskum-Yam-2.5 KG-Retail-NGN,1.73
2024-11-15,Yobe-Potiskum-Potiskum-Yam-2.5 KG-Retail-NGN,1.29
2024-11-15,Yobe-Potiskum-Potiskum-Yam-2.5 KG-Retail-NGN,1.29
2024-12-15,Yobe-Potiskum-Potiskum-Yam-2.5 KG-Retail-NGN,1.87
2025-01-15,Yobe-Potiskum-Potiskum-Yam-2.5 KG-Retail-NGN,1.93
2025-01-15,Yobe-Potiskum-Potiskum-Yam-2.5 KG-Retail-NGN,1.93
2025-01-15,Yobe-Potiskum-Potiskum-Yam-2.5 KG-Retail-NGN,1.93
2025-02-15,Yobe-Potiskum-Potiskum-Yam-2.5 KG-Retail-NGN,2.56
2025-02-15,Yobe-Potiskum-Potiskum-Yam-2.5 KG-Retail-NGN,2.56
2025-03-15,Yobe-Potiskum-Potiskum-Yam-2.5 KG-Retail-NGN,2.58
2025-03-15,Yobe-Potiskum-Potiskum-Yam-2.5 KG-Retail-NGN,2.58
2025-04-15,Yobe-Potiskum-Potiskum-Yam-2.5 KG-Retail-NGN,2.49
2025-07-15,Yobe-Potiskum-Potiskum-Yam-2.5 KG-Retail-NGN,2.62
2025-11-15,Yobe-Potiskum-Potiskum-Yam-2.5 KG-Retail-NGN,1.55
2012-05-15,Borno-Maiduguri-Maiduguri-Rice (imported)-50 KG-Wholesale-NGN,58.65
2012-07-15,Borno-Maiduguri-Maiduguri-Rice (imported)-50 KG-Wholesale-NGN,55.5
2012-07-15,Borno-Maiduguri-Maiduguri-Rice (imported)-50 KG-Wholesale-NGN,55.5
2012-08-15,Borno-Maiduguri-Maiduguri-Rice (imported)-50 KG-Wholesale-NGN,61.34
2012-09-15,Borno-Maiduguri-Maiduguri-Rice (imported)-50 KG-Wholesale-NGN,60.98
2012-09-15,Borno-Maiduguri-Maiduguri-Rice (imported)-50 KG-Wholesale-NGN,60.98
2012-11-15,Borno-Maiduguri-Maiduguri-Rice (imported)-50 KG-Wholesale-NGN,53.81
2012-11-15,Borno-Maiduguri-Maiduguri-Rice (imported)-50 KG-Wholesale-NGN,53.81
2012-11-15,Borno-Maiduguri-Maiduguri-Rice (imported)-50 KG-Wholesale-NGN,53.81
2012-12-15,Borno-Maiduguri-Maiduguri-Rice (imported)-50 KG-Wholesale-NGN,57.5
2013-02-15,Borno-Maiduguri-Maiduguri-Rice (imported)-50 KG-Wholesale-NGN,56.59
2013-02-15,Borno-Maiduguri-Maiduguri-Rice (imported)-50 KG-Wholesale-NGN,56.59
2013-08-15,Borno-Maiduguri-Maiduguri-Rice (imported)-50 KG-Wholesale-NGN,69.06
2013-09-15,Borno-Maiduguri-Maiduguri-Rice (imported)-50 KG-Wholesale-NGN,69.62
2013-11-15,Borno-Maiduguri-Maiduguri-Rice (imported)-50 KG-Wholesale-NGN,69.36
2013-11-15,Borno-Maiduguri-Maiduguri-Rice (imported)-50 KG-Wholesale-NGN,69.36
2013-12-15,Borno-Maiduguri-Maiduguri-Rice (imported)-50 KG-Wholesale-NGN,60.38
2014-02-15,Borno-Maiduguri-Maiduguri-Rice (imported)-50 KG-Wholesale-NGN,52.79
2014-02-15,Borno-Maiduguri-Maiduguri-Rice (imported)-50 KG-Wholesale-NGN,52.79
2014-07-15,Borno-Maiduguri-Maiduguri-Rice (imported)-50 KG-Wholesale-NGN,57.92
2014-09-15,Borno-Maiduguri-Maiduguri-Rice (imported)-50 KG-Wholesale-NGN,56.02
2014-09-15,Borno-Maiduguri-Maiduguri-Rice (imported)-50 KG-Wholesale-NGN,56.02
2014-10-15,Borno-Maiduguri-Maiduguri-Rice (imported)-50 KG-Wholesale-NGN,54.73
2014-10-15,Borno-Maiduguri-Maiduguri-Rice (imported)-50 KG-Wholesale-NGN,54.73
2014-11-15,Borno-Maiduguri-Maiduguri-Rice (imported)-50 KG-Wholesale-NGN,52.82
2014-12-15,Borno-Maiduguri-Maiduguri-Rice (imported)-50 KG-Wholesale-NGN,50.94
2014-12-15,Borno-Maiduguri-Maiduguri-Rice (imported)-50 KG-Wholesale-NGN,50.94
2015-01-15,Borno-Maiduguri-Maiduguri-Rice (imported)-50 KG-Wholesale-NGN,47.48
2015-02-15,Borno-Maiduguri-Maiduguri-Rice (imported)-50 KG-Wholesale-NGN,39.77
2015-02-15,Borno-Maiduguri-Maiduguri-Rice (imported)-50 KG-Wholesale-NGN,39.77
2015-04-15,Borno-Maiduguri-Maiduguri-Rice (imported)-50 KG-Wholesale-NGN,41.47
2015-05-15,Borno-Maiduguri-Maiduguri-Rice (imported)-50 KG-Wholesale-NGN,43.97
2015-06-15,Borno-Maiduguri-Maiduguri-Rice (imported)-50 KG-Wholesale-NGN,42.88
2015-08-15,Borno-Maiduguri-Maiduguri-Rice (imported)-50 KG-Wholesale-NGN,43.05
2015-10-15,Borno-Maiduguri-Maiduguri-Rice (imported)-50 KG-Wholesale-NGN,43.36
2015-11-15,Borno-Maiduguri-Maiduguri-Rice (imported)-50 KG-Wholesale-NGN,45.74
2015-12-15,Borno-Maiduguri-Maiduguri-Rice (imported)-50 KG-Wholesale-NGN,36.47
2015-12-15,Borno-Maiduguri-Maiduguri-Rice (imported)-50 KG-Wholesale-NGN,36.47
2016-01-15,Borno-Maiduguri-Maiduguri-Rice (imported)-50 KG-Wholesale-NGN,48.02
2016-01-15,Borno-Maiduguri-Maiduguri-Rice (imported)-50 KG-Wholesale-NGN,48.02
2016-02-15,Borno-Maiduguri-Maiduguri-Rice (imported)-50 KG-Wholesale-NGN,55.14
2016-03-15,Borno-Maiduguri-Maiduguri-Rice (imported)-50 KG-Wholesale-NGN,58.97
2016-04-15,Borno-Maiduguri-Maiduguri-Rice (imported)-50 KG-Wholesale-NGN,61.98
2016-04-15,Borno-Maiduguri-Maiduguri-Rice (imported)-50 KG-Wholesale-NGN,61.98
2016-05-15,Borno-Maiduguri-Maiduguri-Rice (imported)-50 KG-Wholesale-NGN,68.79
2016-07-15,Borno-Maiduguri-Maiduguri-Rice (imported)-50 KG-Wholesale-NGN,50.62
2016-07-15,Borno-Maiduguri-Maiduguri-Rice (imported)-50 KG-Wholesale-NGN,50.62
2016-08-15,Borno-Maiduguri-Maiduguri-Rice (imported)-50 KG-Wholesale-NGN,52.61
2016-08-15,Borno-Maiduguri-Maiduguri-Rice (imported)-50 KG-Wholesale-NGN,52.61
2016-08-15,Borno-Maiduguri-Maiduguri-Rice (imported)-50 KG-Wholesale-NGN,52.61
2016-10-15,Borno-Maiduguri-Maiduguri-Rice (imported)-50 KG-Wholesale-NGN,58.47
2016-11-15,Borno-Maiduguri-Maiduguri-Rice (imported)-50 KG-Wholesale-NGN,57.62
2016-12-15,Borno-Maiduguri-Maiduguri-Rice (imported)-50 KG-Wholesale-NGN,58.63
2017-01-15,Borno-Maiduguri-Maiduguri-Rice (imported)-50 KG-Wholesale-NGN,58.55
2017-01-15,Borno-Maiduguri-Maiduguri-Rice (imported)-50 KG-Wholesale-NGN,58.55
2017-02-15,Borno-Maiduguri-Maiduguri-Rice (imported)-50 KG-Wholesale-NGN,57.81
2017-03-15,Borno-Maiduguri-Maiduguri-Rice (imported)-50 KG-Wholesale-NGN,58.46
2017-03-15,Borno-Maiduguri-Maiduguri-Rice (imported)-50 KG-Wholesale-NGN,58.46
2017-04-15,Borno-Maiduguri-Maiduguri-Rice (imported)-50 KG-Wholesale-NGN,55.56
2017-05-15,Borno-Maiduguri-Maiduguri-Rice (imported)-50 KG-Wholesale-NGN,55.82
2017-06-15,Borno-Maiduguri-Maiduguri-Rice (imported)-50 KG-Wholesale-NGN,54.23
2017-06-15,Borno-Maiduguri-Maiduguri-Rice (imported)-50 KG-Wholesale-NGN,54.23
2017-07-15,Borno-Maiduguri-Maiduguri-Rice (imported)-50 KG-Wholesale-NGN,57.22
2017-08-15,Borno-Maiduguri-Maiduguri-Rice (imported)-50 KG-Wholesale-NGN,55.93
2017-10-15,Borno-Maiduguri-Maiduguri-Rice (imported)-50 KG-Wholesale-NGN,55.26
2017-11-15,Borno-Maiduguri-Maiduguri-Rice (imported)-50 KG-Wholesale-NGN,54.01
2017-12-15,Borno-Maiduguri-Maiduguri-Rice (imported)-50 KG-Wholesale-NGN,52.46
2017-12-15,Borno-Maiduguri-Maiduguri-Rice (imported)-50 KG-Wholesale-NGN,52.46
2018-01-15,Borno-Maiduguri-Maiduguri-Rice (imported)-50 KG-Wholesale-NGN,52.92
2018-01-15,Borno-Maiduguri-Maiduguri-Rice (imported)-50 KG-Wholesale-NGN,52.92
2018-02-15,Borno-Maiduguri-Maiduguri-Rice (imported)-50 KG-Wholesale-NGN,53.45
2018-03-15,Borno-Maiduguri-Maiduguri-Rice (imported)-50 KG-Wholesale-NGN,56.47
2018-04-15,Borno-Maiduguri-Maiduguri-Rice (imported)-50 KG-Wholesale-NGN,52.2
2018-05-15,Borno-Maiduguri-Maiduguri-Rice (imported)-50 KG-Wholesale-NGN,51.88
2018-05-15,Borno-Maiduguri-Maiduguri-Rice (imported)-50 KG-Wholesale-NGN,51.88
2018-07-15,Borno-Maiduguri-Maiduguri-Rice (imported)-50 KG-Wholesale-NGN,52.33
2018-07-15,Borno-Maiduguri-Maiduguri-Rice (imported)-50 KG-Wholesale-NGN,52.33
2018-07-15,Borno-Maiduguri-Maiduguri-Rice (imported)-50 KG-Wholesale-NGN,52.33
2018-08-15,Borno-Maiduguri-Maiduguri-Rice (imported)-50 KG-Wholesale-NGN,56.2
2018-08-15,Borno-Maiduguri-Maiduguri-Rice (imported)-50 KG-Wholesale-NGN,56.2
2018-09-15,Borno-Maiduguri-Maiduguri-Rice (imported)-50 KG-Wholesale-NGN,55.86
2018-09-15,Borno-Maiduguri-Maiduguri-Rice (imported)-50 KG-Wholesale-NGN,55.86
2018-09-15,Borno-Maiduguri-Maiduguri-Rice (imported)-50 KG-Wholesale-NGN,55.86
2018-11-15,Borno-Maiduguri-Maiduguri-Rice (imported)-50 KG-Wholesale-NGN,54.39
2018-11-15,Borno-Maiduguri-Maiduguri-Rice (imported)-50 KG-Wholesale-NGN,54.39
2018-12-15,Borno-Maiduguri-Maiduguri-Rice (imported)-50 KG-Wholesale-NGN,53.13
2018-12-15,Borno-Maiduguri-Maiduguri-Rice (imported)-50 KG-Wholesale-NGN,53.13
2018-12-15,Borno-Maiduguri-Maiduguri-Rice (imported)-50 KG-Wholesale-NGN,53.13
2019-01-15,Borno-Maiduguri-Maiduguri-Rice (imported)-50 KG-Wholesale-NGN,52.48
2019-01-15,Borno-Maiduguri-Maiduguri-Rice (imported)-50 KG-Wholesale-NGN,52.48
2019-01-15,Borno-Maiduguri-Maiduguri-Rice (imported)-50 KG-Wholesale-NGN,52.48
2019-02-15,Borno-Maiduguri-Maiduguri-Rice (imported)-50 KG-Wholesale-NGN,52.9
2019-03-15,Borno-Maiduguri-Maiduguri-Rice (imported)-50 KG-Wholesale-NGN,52.3
2019-03-15,Borno-Maiduguri-Maiduguri-Rice (imported)-50 KG-Wholesale-NGN,52.3
2019-03-15,Borno-Maiduguri-Maiduguri-Rice (imported)-50 KG-Wholesale-NGN,52.3
2019-04-15,Borno-Maiduguri-Maiduguri-Rice (imported)-50 KG-Wholesale-NGN,52.29
2019-04-15,Borno-Maiduguri-Maiduguri-Rice (imported)-50 KG-Wholesale-NGN,52.29
2019-07-15,Borno-Maiduguri-Maiduguri-Rice (imported)-50 KG-Wholesale-NGN,53.27
2019-09-15,Borno-Maiduguri-Maiduguri-Rice (imported)-50 KG-Wholesale-NGN,57.21
2019-09-15,Borno-Maiduguri-Maiduguri-Rice (imported)-50 KG-Wholesale-NGN,57.21
2019-10-15,Borno-Maiduguri-Maiduguri-Rice (imported)-50 KG-Wholesale-NGN,71.91
2019-11-15,Borno-Maiduguri-Maiduguri-Rice (imported)-50 KG-Wholesale-NGN,75.75
2019-12-15,Borno-Maiduguri-Maiduguri-Rice (imported)-50 KG-Wholesale-NGN,71.92
2019-12-15,Borno-Maiduguri-Maiduguri-Rice (imported)-50 KG-Wholesale-NGN,71.92
2020-01-15,Borno-Maiduguri-Maiduguri-Rice (imported)-50 KG-Wholesale-NGN,71.1
2020-05-15,Borno-Maiduguri-Maiduguri-Rice (imported)-50 KG-Wholesale-NGN,65.41
2020-07-15,Borno-Maiduguri-Maiduguri-Rice (imported)-50 KG-Wholesale-NGN,65.28
2020-07-15,Borno-Maiduguri-Maiduguri-Rice (imported)-50 KG-Wholesale-NGN,65.28
2020-08-15,Borno-Maiduguri-Maiduguri-Rice (imported)-50 KG-Wholesale-NGN,74.68
2020-09-15,Borno-Maiduguri-Maiduguri-Rice (imported)-50 KG-Wholesale-NGN,81.17
2020-09-15,Borno-Maiduguri-Maiduguri-Rice (imported)-50 KG-Wholesale-NGN,81.17
2020-10-15,Borno-Maiduguri-Maiduguri-Rice (imported)-50 KG-Wholesale-NGN,82.21
2020-10-15,Borno-Maiduguri-Maiduguri-Rice (imported)-50 KG-Wholesale-NGN,82.21
2020-11-15,Borno-Maiduguri-Maiduguri-Rice (imported)-50 KG-Wholesale-NGN,82.83
2020-11-15,Borno-Maiduguri-Maiduguri-Rice (imported)-50 KG-Wholesale-NGN,82.83
2021-01-15,Borno-Maiduguri-Maiduguri-Rice (imported)-50 KG-Wholesale-NGN,75.24
2021-01-15,Borno-Maiduguri-Maiduguri-Rice (imported)-50 KG-Wholesale-NGN,75.24
2021-01-15,Borno-Maiduguri-Maiduguri-Rice (imported)-50 KG-Wholesale-NGN,75.24
2021-01-15,Borno-Maiduguri-Maiduguri-Rice (imported)-50 KG-Wholesale-NGN,75.24
2021-03-15,Borno-Maiduguri-Maiduguri-Rice (imported)-50 KG-Wholesale-NGN,76.97
2021-04-15,Borno-Maiduguri-Maiduguri-Rice (imported)-50 KG-Wholesale-NGN,76.38
2021-05-15,Borno-Maiduguri-Maiduguri-Rice (imported)-50 KG-Wholesale-NGN,71.7
2021-05-15,Borno-Maiduguri-Maiduguri-Rice (imported)-50 KG-Wholesale-NGN,71.7
2021-06-15,Borno-Maiduguri-Maiduguri-Rice (imported)-50 KG-Wholesale-NGN,70.57
2021-06-15,Borno-Maiduguri-Maiduguri-Rice (imported)-50 KG-Wholesale-NGN,70.57
2021-09-15,Borno-Maiduguri-Maiduguri-Rice (imported)-50 KG-Wholesale-NGN,72.02
2021-09-15,Borno-Maiduguri-Maiduguri-Rice (imported)-50 KG-Wholesale-NGN,72.02
2021-10-15,Borno-Maiduguri-Maiduguri-Rice (imported)-50 KG-Wholesale-NGN,74.29
2021-10-15,Borno-Maiduguri-Maiduguri-Rice (imported)-50 KG-Wholesale-NGN,74.29
2021-11-15,Borno-Maiduguri-Maiduguri-Rice (imported)-50 KG-Wholesale-NGN,76.14
2021-12-15,Borno-Maiduguri-Maiduguri-Rice (imported)-50 KG-Wholesale-NGN,76.64
2022-01-15,Borno-Maiduguri-Maiduguri-Rice (imported)-50 KG-Wholesale-NGN,67.67
2022-01-15,Borno-Maiduguri-Maiduguri-Rice (imported)-50 KG-Wholesale-NGN,67.67
2022-01-15,Borno-Maiduguri-Maiduguri-Rice (imported)-50 KG-Wholesale-NGN,67.67
2022-03-15,Borno-Maiduguri-Maiduguri-Rice (imported)-50 KG-Wholesale-NGN,70.19
2022-04-15,Borno-Maiduguri-Maiduguri-Rice (imported)-50 KG-Wholesale-NGN,71.9
2022-04-15,Borno-Maiduguri-Maiduguri-Rice (imported)-50 KG-Wholesale-NGN,71.9
2022-05-15,Borno-Maiduguri-Maiduguri-Rice (imported)-50 KG-Wholesale-NGN,70.76
2022-07-15,Borno-Maiduguri-Maiduguri-Rice (imported)-50 KG-Wholesale-NGN,80.56
2022-08-15,Borno-Maiduguri-Maiduguri-Rice (imported)-50 KG-Wholesale-NGN,86.79
2022-09-15,Borno-Maiduguri-Maiduguri-Rice (imported)-50 KG-Wholesale-NGN,87.01
2022-09-15,Borno-Maiduguri-Maiduguri-Rice (imported)-50 KG-Wholesale-NGN,87.01
2022-09-15,Borno-Maiduguri-Maiduguri-Rice (imported)-50 KG-Wholesale-NGN,87.01
2022-10-15,Borno-Maiduguri-Maiduguri-Rice (imported)-50 KG-Wholesale-NGN,95.41
2022-11-15,Borno-Maiduguri-Maiduguri-Rice (imported)-50 KG-Wholesale-NGN,95.2
2022-11-15,Borno-Maiduguri-Maiduguri-Rice (imported)-50 KG-Wholesale-NGN,95.2
2022-12-15,Borno-Maiduguri-Maiduguri-Rice (imported)-50 KG-Wholesale-NGN,95.77
2022-12-15,Borno-Maiduguri-Maiduguri-Rice (imported)-50 KG-Wholesale-NGN,95.77
